<?xml version="1.0" encoding="UTF-8"?>
    <beans xmlns="http://www.springframework.org/schema/beans"
           xmlns:xsi="http://www.w3.org/2001/XMLSchema-instance" xmlns:mvc="http://www.springframework.org/schema/mvc"
           xmlns:context="http://www.springframework.org/schema/context"
           xsi:schemaLocation="http://www.springframework.org/schema/beans
       http://www.springframework.org/schema/beans/spring-beans.xsd
        http://www.springframework.org/schema/mvc
        http://www.springframework.org/schema/mvc/spring-mvc.xsd
        http://www.springframework.org/schema/context
        http://www.springframework.org/schema/context/spring-context.xsd">

    <mvc:annotation-driven />

    <mvc:default-servlet-handler />

   <mvc:resources location="/WEB-INF/jsp/assets/js/" mapping="/assets/js/**"/>
    <mvc:resources location="/WEB-INF/jsp/assets/css/" mapping="/assets/css/**"/>
    <mvc:resources location="/WEB-INF/jsp/assets/images/" mapping="/assets/images/**"/>
    <mvc:resources location="/WEB-INF/jsp/assets/fonts/" mapping="/assets/fonts/**"/>


    <bean class="org.springframework.web.servlet.view.InternalResourceViewResolver">
        <property name="viewClass" value="org.springframework.web.servlet.view.JstlView"/>
        <property name="prefix" value="/WEB-INF/jsp/" />
        <property name="suffix" value=".jsp" />
    </bean>

    <context:component-scan base-package="org.webgroup.web"/>

</beans>