<?xml version="1.0" encoding="UTF-8"?>
<beans xmlns="http://www.springframework.org/schema/beans"
       xmlns:xsi="http://www.w3.org/2001/XMLSchema-instance"
       xmlns:context="http://www.springframework.org/schema/context"
       xsi:schemaLocation="http://www.springframework.org/schema/beans
 http://www.springframework.org/schema/beans/spring-beans.xsd
 http://www.springframework.org/schema/context  http://www.springframework.org/schema/context/spring-context.xsd">

<context:property-placeholder location="classpath:jdbc.properties"/>

    <bean id="dataSource" class="com.mchange.v2.c3p0.ComboPooledDataSource">
        <property name="driverClass" value="com.mysql.jdbc.Driver"/>
        <property name="jdbcUrl" value="jdbc:mysql://localhost:3306/webgroup"/>
        <property name="user" value="root"/>
        <property name="password" value="root"/>
        <property name="maxPoolSize" value="30"/>
        <property name="minPoolSize" value="10" />
        <property name="autoCommitOnClose" value="false"/>
        <property name="checkoutTimeout" value="1000" />
        <property name="acquireRetryAttempts" value="2"/>
    </bean>

    <bean id="sqlSessionFactory" class="org.mybatis.spring.SqlSessionFactoryBean">
        <property name="dataSource" ref="dataSource"/>
        <property name="configLocation" value="classpath:mybatis-config.xml"/>
        <property name="typeAliasesPackage" value="org.webgroup.entity"/>
        <property name="mapperLocations" value="classpath:mapper/*.xml"/>
    </bean>

    <bean class="org.mybatis.spring.mapper.MapperScannerConfigurer">
        <property name="sqlSessionFactoryBeanName" value="sqlSessionFactory"/>
        <property name="basePackage" value="org.webgroup.dao"/>
    </bean>

</beans>