<?xml version="1.0" encoding="UTF-8" ?>
<!DOCTYPE mapper
        PUBLIC "-//mybatis.org//DTD Mapper 3.0//EN"
        "http://mybatis.org/dtd/mybatis-3-mapper.dtd">
<mapper namespace="org.webgroup.dao.NewsDao">

    <resultMap type="News" id="NewsMap">
        <result column="news_id" property="newsId"/>
        <result column="news_context" property="newsContext"/>
        <result column="news_name" property="newsName"/>
    </resultMap>

    <insert id="insertNews" parameterType="News">
        insert into news(news_id, news_context, news_name,time) values (#{News.newsId},#{News.newsContext},#{News.newsName},#{News.time})
    </insert>
    <delete id="deleteNews" parameterType="int">
        delete from news where news_id=#{id}
    </delete>
    <update id="updateNews" parameterType="News">
        update news set  news_context=#{News.newsContext}
        where news_name=#{News.newsName}
    </update>
    <select id="selectNews" parameterType="int" resultType="News">
        select * from news where news_id = #{newsId}
    </select>
    <select id="seletAll" resultMap="NewsMap">
        select * from news
    </select>



</mapper>